models,ngrams,Text_vectorization,accuracy_score,precision_score,f1_score,recall_score
SVM,"(1,2)",BOW(CountVectorizer),0.971,0.9707183658469296,0.970684109952691,0.9707594235033259
Logistic Regression,"(1,2)",BOW(CountVectorizer),0.974,0.9735039244252455,0.9735723463036562,0.9739467849223947
Decision Tree,"(1,2)",BOW(CountVectorizer),0.959,0.9594635474651033,0.9593992055655913,0.9593957871396895
Naive Bayes,"(1,2)",BOW(CountVectorizer),0.965,0.9645759825218972,0.9640678077226974,0.9650776053215078
KNN,"(1,2)",BOW(CountVectorizer),0.951,0.9492935158092303,0.9477412672412928,0.9514966740576497
