models,ngrams,Text_vectorization,accuracy_score,precision_score,f1_score,recall_score
SVM,default,BOW(CountVectorizer),0.969,0.9691889969646726,0.9687874634283105,0.9685421286031042
Logistic Regression,default,BOW(CountVectorizer),0.974,0.9737203712297773,0.9737059608797842,0.9740853658536586
Decision Tree,default,BOW(CountVectorizer),0.955,0.9549209143777769,0.9548335349711782,0.9548226164079823
Naive Bayes,default,BOW(CountVectorizer),0.952,0.9534669898184014,0.9512733902597945,0.9517738359201774
KNN,default,BOW(CountVectorizer),0.957,0.9545500025702278,0.954881041105738,0.9566241685144125
